CustomerID,Recency,Frequency,Monetary_Profit
AA-10315,9,19,447.69049999999993
AA-10375,7,23,677.4773999999999
AA-10480,118,20,1516.4751800000001
AA-10645,27,36,3051.439
AA-315,3,7,535.566
AA-375,182,8,77.44200000000001
AA-480,315,5,554.613
AA-645,82,11,-608.346
AB-10015,17,32,3719.488
AB-10060,26,32,4514.0589
AB-10105,33,33,6912.6145
AB-10150,23,24,2064.2143
AB-10165,14,29,2329.47
AB-10255,6,31,-43.2381000000001
AB-105,44,7,-495.33000000000004
AB-10600,51,22,905.3607000000001
AB-15,413,5,963.7199999999999
AB-150,399,4,862.14
AB-165,17,6,106.596
AB-255,44,8,801.8520000000001
AB-60,36,9,465.918
AB-600,8,5,964.65
AC-10420,7,24,206.48050000000003
AC-10450,6,19,4105.6042
AC-10615,7,29,1160.67578
AC-10660,3,21,-998.9973200000001
AC-420,14,9,237.555
AC-450,117,7,-125.19300000000001
AC-615,93,7,-280.54799999999994
AC-660,298,4,726.87
AD-10180,27,27,2050.7542000000003
AD-180,6,3,-510.762
AF-10870,7,36,1736.0717000000002
AF-10885,77,35,2882.91478
AF-870,6,9,542.232
AF-885,56,2,88.32
AG-10270,41,25,2151.99612
AG-10300,3,24,1845.7666
AG-10330,9,29,929.4670799999999
AG-10390,145,19,995.7429999999999
AG-10495,79,29,2749.0618600000003
AG-10525,13,20,36.03370000000007
AG-10675,48,21,680.7906999999999
AG-10765,56,27,1250.5845
AG-10900,97,29,1879.76716
AG-270,14,8,450.576
AG-300,99,6,-1072.6200000000001
AG-330,3,7,77.505
AG-390,84,4,-548.478
AG-495,23,11,-106.84799999999998
AG-525,16,7,133.35599999999994
AG-675,55,10,242.27100000000002
AG-765,145,8,-1075.278
AG-900,142,4,-146.52000000000004
AH-10030,13,27,2601.43304
AH-10075,3,34,986.04342
AH-10120,114,22,1705.13728
AH-10195,21,25,158.90887999999998
AH-10210,7,34,4139.66078
AH-10465,71,20,611.8889800000001
AH-10585,81,22,1458.3501
AH-10690,91,31,2795.84372
AH-120,81,4,376.242
AH-195,121,9,-751.155
AH-210,458,4,202.70999999999998
AH-30,469,7,-150.5039999999999
AH-465,271,4,106.446
AH-585,76,9,151.72199999999995
AH-690,296,5,-329.83200000000005
AH-75,38,8,915.9899999999999
AI-10855,14,22,1612.7634
AI-855,56,4,-74.58599999999998
AJ-10780,49,25,1784.2462
AJ-10795,63,22,1861.0924
AJ-10945,80,29,1567.6392
AJ-10960,49,17,1518.67198
AJ-780,2,12,-612.006
AJ-795,37,10,617.49
AJ-945,105,7,1439.064
AJ-960,29,10,1012.6859999999999
AM-10360,16,33,2748.4754
AM-10705,30,30,2728.6451
AM-360,116,6,229.377
AM-705,137,6,509.94
AO-10810,37,27,1028.3926000000001
AO-810,8,5,64.707
AP-10720,42,20,2937.4661
AP-10915,53,32,2420.1056
AP-720,38,6,55.299
AP-915,93,5,717.51
AR-10345,53,26,1683.9278000000002
AR-10405,53,22,-583.48182
AR-10510,15,29,3518.96086
AR-10540,7,15,3050.9133
AR-10570,3,18,1584.83232
AR-10825,80,38,2828.1048
AR-345,24,9,606.732
AR-405,223,6,31.20000000000001
AR-510,28,10,42.79799999999998
AR-540,214,8,88.16999999999999
AR-570,29,9,409.818
AR-825,34,7,289.542
AS-10045,77,28,660.9177999999999
AS-10090,16,32,1344.96012
AS-10135,42,19,750.2938
AS-10225,13,28,2718.6598
AS-10240,13,31,630.38416
AS-10285,19,30,1794.86406
AS-10630,36,19,3194.3633999999997
AS-135,93,5,814.1999999999999
AS-225,3,7,-215.025
AS-240,499,5,545.07
AS-285,100,13,738.702
AS-45,27,3,-291.75600000000003
AS-630,34,11,-1103.31
AS-90,81,4,76.314
AT-10435,13,24,3016.8983000000003
AT-10735,3,29,2516.7079
AT-435,60,12,-221.367
AT-735,70,5,143.07
AW-10840,17,25,1444.8320199999998
AW-10930,36,22,2585.8819599999997
AW-840,98,7,-228.42
AW-930,38,6,95.085
AY-10555,15,16,1850.5163400000001
AY-555,36,11,440.46000000000004
AZ-10750,53,18,1606.5632999999998
AZ-750,56,10,-682.2030000000001
BB-10990,15,30,177.0666
BB-11545,21,26,1686.65888
BB-1545,21,5,52.187999999999995
BB-990,51,7,122.358
BC-11125,26,28,2755.6784000000002
BC-1125,132,6,-269.718
BD-11320,6,32,1409.6197
BD-11500,20,27,2412.359
BD-11560,8,19,1909.86374
BD-11605,98,19,1201.17744
BD-11620,21,25,448.50692000000004
BD-11635,10,25,1303.6163000000001
BD-11725,5,30,1574.1361
BD-11770,36,26,2397.81426
BD-1320,6,6,213.06
BD-1500,399,3,-31.293
BD-1560,188,5,114.83999999999999
BD-1605,276,5,224.48999999999998
BD-1620,115,11,535.917
BD-1635,91,9,1488.693
BD-1725,101,13,901.02
BD-1770,180,5,-869.544
BE-11335,36,37,7790.6963000000005
BE-11410,99,30,3398.09706
BE-11455,4,27,517.9141000000001
BE-1335,544,5,-380.691
BE-1410,65,7,391.059
BE-1455,177,2,460.11
BF-1005,735,2,176.433
BF-1020,97,7,-193.134
BF-1080,240,6,896.94
BF-10975,36,22,1217.0096
BF-11005,9,25,939.2375600000001
BF-11020,16,24,1133.2553
BF-11080,73,21,1187.5689
BF-11170,17,31,3859.22114
BF-11215,66,27,878.9098000000001
BF-11275,7,23,565.06884
BF-1170,194,6,275.88
BF-1215,237,5,-237.591
BF-1275,25,7,96.38400000000001
BF-975,111,8,616.722
BG-1035,453,1,-219.804
BG-11035,136,33,1749.9819999999997
BG-11695,10,19,568.96988
BG-11740,7,24,2084.9244
BG-1695,45,5,-151.64999999999998
BG-1740,17,4,-658.2959999999999
BH-11710,66,31,3243.9438
BH-1710,94,10,1632.996
BK-11260,48,27,2389.4549599999996
BK-1260,41,6,58.224000000000004
BM-11140,9,29,-1140.6354
BM-1140,14,6,43.71000000000001
BM-11575,35,25,-189.53732000000002
BM-11650,26,24,3927.16918
BM-11785,3,36,2036.6848
BM-1575,41,9,471.67199999999997
BM-1650,571,8,458.676
BM-1785,49,9,475.932
BN-11470,12,29,1548.04098
BN-11515,10,23,2018.6969199999999
BN-1470,82,7,576.012
BN-1515,100,8,525.3720000000001
BO-11350,53,20,555.1937
BO-11425,6,21,1904.8977200000002
BO-1350,81,6,-139.974
BO-1425,2,8,651.927
BP-1050,12,9,1245.882
BP-1095,12,6,384.82800000000003
BP-11050,6,21,845.07976
BP-11095,3,32,599.4307
BP-11155,21,24,3395.30716
BP-11185,2,28,1989.48982
BP-11230,40,23,467.92409999999995
BP-11290,13,29,1858.82908
BP-1155,262,6,180.9
BP-1185,5,10,-645.534
BP-1230,113,8,444.288
BP-1290,370,4,99.27
BS-11365,1,26,5680.72736
BS-11380,45,23,1776.7021
BS-11590,36,23,1783.45872
BS-11665,37,24,3112.1578
BS-11755,2,29,1194.7291
BS-11800,10,21,1851.8634000000002
BS-1365,27,5,288.18
BS-1380,132,5,38.328
BS-1590,149,5,262.23
BS-1665,358,7,500.718
BS-1755,59,5,-697.77
BS-1800,12,9,931.344
BT-11305,94,24,908.1758
BT-11395,29,24,2743.9623
BT-11440,57,21,290.9339
BT-11485,79,29,1170.75394
BT-11530,34,25,930.8343
BT-11680,19,22,1663.9095
BT-1305,24,10,-44.250000000000014
BT-1395,34,4,-199.03199999999998
BT-1440,94,10,-760.725
BT-1485,98,9,-231.12599999999998
BT-1530,353,7,522.8009999999999
BT-1680,265,4,131.64
BV-11245,45,22,3415.0463999999997
BV-1245,129,3,-595.296
BW-1065,111,5,3341.34
BW-11065,51,18,354.0633
BW-1110,185,10,258.42
BW-11110,60,35,3337.4659
BW-11200,41,29,1567.88038
BW-1200,134,4,784.326
CA-11965,19,26,3382.2603
CA-12055,14,22,1738.3699
CA-12265,35,31,3270.72
CA-12310,14,21,727.92866
CA-12775,94,26,4605.4775
CA-1965,128,8,-103.17900000000003
CA-2055,259,3,131.4
CA-2265,106,7,391.398
CA-2310,337,5,139.23000000000002
CA-2775,310,4,-714.213
CB-12025,10,25,-98.73149999999995
CB-12415,37,23,2271.89566
CB-12535,43,27,2401.90744
CB-2025,111,5,307.56
CB-2415,692,4,-184.812
CB-2535,8,2,-234.69
CC-12100,82,25,2384.25944
CC-12145,30,24,1471.9290999999998
CC-12220,45,32,1315.8066
CC-12370,44,30,3982.9287
CC-12430,1,29,2779.92086
CC-12475,17,30,3120.16346
CC-12550,60,25,1167.45894
CC-12610,17,29,2950.1929999999998
CC-12670,17,28,-549.5837
CC-12685,24,20,693.6283000000001
CC-2100,146,5,238.368
CC-2145,505,6,-164.13
CC-2220,23,12,1190.0819999999999
CC-2370,7,9,1620.405
CC-2430,472,2,160.59
CC-2475,204,7,914.691
CC-2550,272,5,357.09
CC-2610,345,3,52.818
CC-2670,177,6,268.602
CC-2685,132,5,1556.232
CD-11920,3,27,4751.7303999999995
CD-11980,2,23,1648.43926
CD-12280,25,24,2367.38178
CD-12790,54,25,2080.4847
CD-1920,315,4,277.17900000000003
CD-1980,7,7,231.918
CD-2280,13,7,224.4
CD-2790,132,7,73.818
CG-12040,21,19,149.0706
CG-12520,51,18,2398.13442
CG-2040,379,5,-395.90999999999997
CG-2520,216,7,168.44400000000002
CH-12070,24,21,1493.42166
CH-2070,307,8,1178.088
CJ-11875,14,23,1857.24496
CJ-12010,30,26,2386.722
CJ-1875,33,6,100.18199999999999
CJ-2010,47,3,30.87
CK-12205,5,38,1311.20594
CK-12325,62,27,849.51822
CK-12595,44,33,2175.84598
CK-12760,56,26,-100.50570000000005
CK-2205,80,5,-345.393
CK-2325,1,8,531.195
CK-2595,216,3,197.79
CK-2760,38,12,625.89
CL-11890,14,31,-247.73794
CL-12565,6,30,614.58298
CL-12700,9,31,2563.4447
CL-1890,93,9,83.475
CL-2565,43,6,708.846
CL-2700,24,4,106.88399999999999
CM-11815,41,23,-2881.6445999999996
CM-11830,7,24,2444.699
CM-11935,37,18,2081.088
CM-12115,9,20,2164.8172
CM-12160,71,26,432.55682
CM-12190,1,25,598.4815199999999
CM-12235,43,22,1953.9977
CM-12385,38,25,3029.96032
CM-12445,16,25,1188.12768
CM-12655,183,18,-733.95642
CM-12715,27,19,915.3873
CM-1815,62,5,82.854
CM-1830,114,13,39.98700000000003
CM-1935,49,7,125.274
CM-2115,50,3,277.53
CM-2160,21,5,314.13
CM-2190,60,4,-480.69
CM-2235,82,5,-66.3
CM-2385,605,4,-19.926000000000002
CM-2445,349,4,288.528
CM-2655,51,12,-221.106
CM-2715,237,7,294.954
CP-12085,70,23,620.3837000000001
CP-12340,9,30,182.97137999999978
CP-2085,54,10,1130.19
CP-2340,464,4,1565.31
CR-12580,37,20,818.0318
CR-12625,44,28,1478.57508
CR-12730,79,24,1648.0413600000002
CR-12820,65,24,3391.18846
CR-2580,35,5,1127.964
CR-2625,26,9,866.5470000000001
CR-2730,6,11,-212.60400000000004
CR-2820,122,8,-78.468
CS-11845,16,26,3274.9862
CS-11860,78,21,970.3403199999999
CS-11950,46,31,-1148.07796
CS-12130,12,22,641.4549
CS-12175,132,29,3114.0088
CS-12250,38,30,2210.8319
CS-12355,7,31,-115.63179999999998
CS-12400,2,23,1373.06256
CS-12460,7,23,2801.27258
CS-12490,3,30,-422.2581
CS-12505,197,16,-6437.368100000001
CS-1845,173,8,-359.658
CS-1860,51,9,349.554
CS-1950,118,5,148.00199999999998
CS-2130,363,4,-645.5219999999999
CS-2175,256,5,1214.568
CS-2250,3,4,391.674
CS-2355,105,9,114.48
CS-2400,12,5,706.98
CS-2460,26,8,141.83699999999996
CS-2490,170,3,611.13
CS-2505,51,7,285.81
CT-11995,97,27,2509.3953399999996
CT-1995,873,2,-71.592
CV-12295,40,20,1126.44628
CV-12805,5,20,1737.4445
CV-2295,23,9,-521.109
CV-2805,258,7,172.66199999999995
CW-11905,9,25,2635.8494
CW-1905,385,4,371.55
CY-12745,26,31,1721.259
CY-2745,493,4,-179.016
Co-12640,5,25,1295.16296
Co-2640,306,5,-99.12299999999999
DA-13450,14,25,-826.07134
DA-3450,15,4,528.24
DB-12910,3,27,781.9895
DB-12970,218,11,463.2449
DB-13060,17,26,3315.62286
DB-13120,6,16,-2028.5785799999999
DB-13210,8,27,1479.9668
DB-13270,10,25,1420.4588999999999
DB-13360,48,28,848.44686
DB-13405,108,26,1988.81386
DB-13555,37,22,943.0146
DB-13615,34,28,1995.248
DB-13660,13,20,1267.33634
DB-2910,92,8,874.95
DB-2970,219,4,123.72
DB-3060,9,8,336.738
DB-3120,184,4,-242.118
DB-3210,393,7,-54.159000000000006
DB-3270,49,2,219.78
DB-3360,435,2,1074.27
DB-3405,558,2,-30.257999999999996
DB-3555,6,3,299.262
DB-3615,108,4,972.432
DB-3660,149,3,150.462
DC-12850,38,29,-659.5637999999999
DC-13285,19,23,1043.3901
DC-2850,35,9,589.074
DC-3285,549,4,-178.05599999999998
DD-13570,23,24,959.7672000000001
DD-3570,64,8,439.884
DE-13255,20,22,1657.8873999999998
DE-3255,49,8,77.61
DF-13135,10,18,474.0001999999999
DF-3135,44,4,-110.92799999999998
DG-13300,33,28,2067.2561
DG-3300,15,6,307.062
DH-13075,53,25,1370.5765000000001
DH-13675,81,17,842.9995000000001
DH-3075,160,10,311.292
DH-3675,50,12,1308.144
DJ-13420,51,28,3173.13614
DJ-13510,7,31,2695.862
DJ-13630,13,27,2205.8764
DJ-3420,2,4,82.25999999999999
DJ-3510,7,7,1614.6
DJ-3630,35,6,469.87800000000004
DK-12835,71,32,2632.1875
DK-12895,46,22,1080.66276
DK-12985,2,35,1366.8047
DK-13090,9,36,4004.4357000000005
DK-13150,11,22,2064.7237
DK-13225,2,29,898.324
DK-13375,5,26,2159.7979
DK-2835,81,11,285.663
DK-2895,160,6,282.9
DK-2985,1119,1,-78.888
DK-3090,69,3,76.128
DK-3150,265,14,114.41399999999999
DK-3225,23,8,108.774
DK-3375,24,10,805.7099999999999
DL-12865,101,34,280.3310000000001
DL-12925,26,21,1411.794
DL-13315,19,27,2265.2257
DL-13330,13,34,2652.7522
DL-13495,65,27,2474.764
DL-2865,26,7,145.704
DL-2925,38,7,-303.354
DL-3315,48,6,533.31
DL-3330,706,3,94.74000000000001
DL-3495,283,5,-913.8960000000001
DM-12955,41,32,2206.22022
DM-13015,6,30,1530.8619
DM-13345,3,27,2876.8071
DM-13525,36,19,-925.5615199999999
DM-2955,13,9,100.70700000000002
DM-3015,3,6,460.89
DM-3345,146,6,-5474.610000000001
DM-3525,60,6,652.1460000000001
DN-13690,20,24,711.4185
DN-3690,13,5,-477.87600000000003
DO-13435,65,32,3207.4254
DO-13645,34,25,1997.83252
DO-3435,37,10,930.21
DO-3645,42,5,-181.09799999999998
DP-13000,62,31,-949.6012
DP-13105,7,25,3099.9463
DP-13165,8,25,1808.31852
DP-13390,1,27,2369.829
DP-3000,15,10,432.15
DP-3105,65,6,1500.1860000000004
DP-3165,8,6,-973.788
DP-3390,13,6,318.36
DR-12880,4,32,2112.6456
DR-12940,24,33,5505.92292
DR-2880,5,8,-128.24699999999999
DR-2940,40,8,598.05
DS-13030,94,26,1068.3454
DS-13180,15,31,1669.7884999999999
DS-3030,49,6,419.322
DS-3180,60,2,43.626
DV-13045,20,24,599.18592
DV-13465,26,20,2167.68258
DV-3045,34,13,17.138999999999985
DV-3465,14,5,1175.04
DW-13195,7,26,1623.3823
DW-13480,66,23,3315.6932
DW-13540,13,20,1471.8722
DW-13585,6,37,821.813
DW-3195,1064,4,115.71599999999998
DW-3480,86,12,1713.3960000000002
DW-3540,174,4,-1046.163
DW-3585,153,4,48.744
Dl-13600,6,20,1722.9402
Dl-3600,53,10,128.766
Dp-13240,19,28,3822.6941199999997
Dp-3240,189,7,136.47
EA-14035,94,31,867.17212
EA-4035,166,3,0.8879999999999981
EB-13705,49,30,894.0075999999999
EB-13750,33,20,1368.591
EB-13840,3,25,5466.49974
EB-13870,16,19,187.37620000000004
EB-13930,20,18,1385.4761
EB-13975,1,32,2653.5444
EB-14110,36,24,3285.6169
EB-14170,20,23,276.78319999999997
EB-3705,399,3,594.6
EB-3750,185,6,118.563
EB-3840,44,6,382.248
EB-3870,483,5,-166.81799999999998
EB-3930,8,9,706.266
EB-3975,36,9,377.19
EB-4110,50,10,-391.95300000000003
EB-4170,174,6,288.84
EC-14050,53,19,424.0577
EC-4050,163,7,407.715
ED-13885,16,31,2933.2625000000003
ED-3885,78,8,-360.81600000000003
EG-13900,24,21,3360.54628
EG-3900,54,11,-756.309
EH-13765,3,29,1685.9614
EH-13945,98,27,1551.08482
EH-13990,45,26,1552.3205
EH-14005,3,28,285.6472999999999
EH-14125,103,31,2105.89082
EH-14185,56,29,1241.8905200000002
EH-3765,87,9,-1014.768
EH-3945,29,9,698.97
EH-3990,34,6,4.599000000000004
EH-4005,197,7,509.004
EH-4125,63,13,-445.56
EH-4185,129,8,1039.62
EJ-13720,21,22,1012.9436
EJ-14155,35,23,1975.1191000000001
EJ-3720,157,8,197.004
EJ-4155,111,5,819.45
EK-13795,45,17,593.1248
EK-3795,329,6,172.353
EL-13735,78,23,1142.5974
EL-3735,202,11,12.942000000000135
EM-13810,79,23,1664.80054
EM-13825,88,26,2018.14436
EM-13960,3,37,2593.94148
EM-14065,17,17,3017.73418
EM-14095,9,17,1684.9539
EM-14140,47,30,3683.1207600000002
EM-14200,42,23,3138.33776
EM-3810,191,6,232.569
EM-3825,485,6,-30.072000000000003
EM-3960,180,8,712.074
EM-4065,71,9,921.7260000000001
EM-4095,119,9,79.83
EM-4140,94,6,-58.869000000000014
EM-4200,192,4,509.118
EN-13780,15,20,478.5335
EN-3780,117,8,-240.834
EP-13915,13,33,2159.5847400000002
EP-3915,76,3,-55.61999999999999
ER-13855,70,19,2212.0921999999996
ER-3855,84,7,373.626
ES-14020,1,32,2761.38844
ES-14080,103,24,1925.1879
ES-4020,295,7,365.988
ES-4080,146,9,250.10399999999998
FA-14230,39,29,1245.2617
FA-4230,185,6,250.932
FC-14245,43,23,2492.323
FC-14335,108,23,1329.92624
FC-4245,492,6,288.46799999999996
FC-4335,23,4,166.76999999999998
FG-14260,35,18,1158.0511999999999
FG-4260,23,9,-123.93900000000001
FH-14275,5,23,3539.4216
FH-14350,2,20,2959.86382
FH-14365,2,30,4101.91312
FH-4275,118,5,8.154000000000003
FH-4350,15,3,-71.829
FH-4365,167,9,507.378
FM-14215,8,31,1000.9706
FM-14290,22,30,2191.58072
FM-14380,146,21,1461.1015
FM-4215,97,6,393.054
FM-4290,3,8,409.71
FM-4380,2,6,-445.59
FO-14305,21,37,2567.1144
FO-4305,23,10,456.63599999999997
FP-14320,115,29,840.6415000000001
FP-4320,35,5,96.55199999999999
FW-14395,64,26,1651.7594
FW-4395,1,8,32.03100000000002
GA-14515,80,24,1108.47532
GA-14725,3,24,1012.2714000000001
GA-4515,36,7,-316.131
GA-4725,71,4,-240.29399999999998
GB-14530,29,25,560.6201
GB-14575,14,24,1621.01368
GB-4530,114,5,95.67
GB-4575,240,6,12.25200000000001
GD-14590,6,29,1826.5178999999998
GD-4590,353,4,61.632000000000005
GG-14650,34,28,1491.59126
GG-4650,29,5,31.932000000000002
GH-14410,50,36,47.465479999999936
GH-14425,19,31,3375.2251
GH-14485,27,21,2200.7504
GH-14665,3,29,1877.94062
GH-4410,120,9,566.34
GH-4425,81,10,532.89
GH-4485,175,4,95.202
GH-4665,2,9,-293.271
GK-14620,13,24,3611.1624
GK-4620,101,4,-115.869
GM-14440,20,26,1431.2778799999999
GM-14455,17,17,3106.2264
GM-14500,27,23,531.4221200000001
GM-14680,2,31,-1804.82206
GM-14695,23,19,-71.28050000000003
GM-4440,2,8,233.736
GM-4455,209,4,-234.11999999999998
GM-4500,105,5,1021.83
GM-4680,73,6,466.902
GM-4695,223,7,59.922
GP-14740,2,25,377.67660000000006
GP-4740,188,8,872.4330000000001
GR-14560,21,24,1030.99074
GR-4560,154,6,-534.711
GT-14635,60,20,-3790.0830600000004
GT-14710,9,30,5164.84718
GT-14755,35,23,593.33132
GT-4635,10,7,212.16
GT-4710,204,4,49.284
GT-4755,1,8,190.848
GW-14605,19,25,934.7202
GW-4605,15,8,264.339
GZ-14470,8,35,2885.9929
GZ-14545,56,24,2645.2998000000002
GZ-4470,207,8,856.446
GZ-4545,27,6,1460.2980000000002
HA-14905,53,24,-526.06816
HA-14920,23,25,1457.3646
HA-4905,14,4,-235.62599999999998
HA-4920,134,6,103.794
HD-14785,29,29,1803.1442
HD-4785,107,7,828.048
HE-14800,7,27,1570.14602
HE-4800,37,8,140.292
HF-14995,15,28,-474.8709
HF-4995,516,8,-178.25699999999998
HG-14845,13,30,-824.01028
HG-14965,62,34,-1607.2489
HG-15025,7,29,1357.6439
HG-4845,24,9,532.518
HG-4965,100,5,9.737999999999989
HG-5025,97,7,175.272
HH-15010,62,24,2109.31402
HH-5010,197,3,323.01
HJ-14875,6,32,2324.021
HJ-4875,311,6,294.24
HK-14890,44,27,2306.9442
HK-4890,171,6,187.98600000000002
HL-15040,24,20,7657.50178
HL-5040,189,4,159.066
HM-14860,2,37,6544.8864
HM-14980,28,29,1044.7111
HM-4860,35,4,413.4
HM-4980,465,5,1628.6280000000002
HP-14815,103,24,636.2192
HP-4815,30,5,244.00199999999998
HR-14770,14,18,1182.9004
HR-14830,82,21,1517.8777599999999
HR-4770,188,8,522.372
HR-4830,238,3,-61.842
HW-14935,35,28,2653.6991
HW-4935,125,7,-98.58599999999998
HZ-14950,36,22,1003.4369
HZ-4950,209,6,-261.954
IG-15085,14,25,657.49518
IG-5085,2,12,1253.673
IL-15100,54,25,1244.23476
IL-5100,164,7,-63.16199999999999
IM-15055,16,15,1534.02986
IM-15070,41,27,-567.6301800000001
IM-5055,20,7,913.95
IM-5070,27,7,-112.674
JA-15970,1,25,688.9730000000001
JA-5970,1,7,153.357
JB-15400,8,34,1992.2621
JB-15925,10,19,1649.13416
JB-16000,2,32,2936.37722
JB-16045,1,24,778.62918
JB-5400,83,7,459.59999999999997
JB-5925,69,8,-518.628
JB-6000,86,7,-68.45399999999997
JB-6045,87,10,-529.584
JC-15340,35,29,239.286
JC-15385,9,25,2086.79732
JC-15775,2,25,1820.4692400000001
JC-16105,69,28,712.31408
JC-5340,54,6,98.505
JC-5385,16,9,-782.235
JC-5775,14,5,37.91699999999999
JC-6105,25,6,-2601.42
JD-15790,16,24,-293.68474
JD-15895,7,32,1430.54702
JD-16015,25,24,-29.40019999999997
JD-16060,56,19,-24.026939999999982
JD-16150,1,28,1430.44888
JD-5790,182,5,-905.028
JD-5895,3,6,296.24399999999997
JD-6015,43,8,-575.01
JD-6060,141,9,588.9300000000001
JD-6150,81,6,1194.8700000000001
JE-15475,36,22,1223.3237
JE-15610,43,26,1780.0783000000001
JE-15715,10,36,3648.0085
JE-15745,33,35,1123.48066
JE-16165,42,20,1839.80796
JE-5475,175,8,94.848
JE-5610,116,6,-408.16499999999996
JE-5715,205,7,-27.12
JE-5745,195,7,405.3
JE-6165,28,8,1088.496
JF-15190,7,28,4108.5474
JF-15295,105,24,3263.2952999999998
JF-15355,14,22,1016.6709999999999
JF-15415,3,23,1396.6454800000001
JF-15490,5,30,1048.31756
JF-15565,2,29,4329.94546
JF-5190,183,8,-2385.942
JF-5295,64,8,-570.7680000000001
JF-5355,97,9,-2891.346
JF-5415,38,11,1270.2
JF-5490,100,7,151.785
JF-5565,389,6,547.74
JG-15115,69,19,1161.6409800000001
JG-15160,2,32,4498.9944000000005
JG-15310,3,24,2095.9115
JG-15805,1,37,3393.2201
JG-5115,6,9,-2083.902
JG-5160,17,8,50.105999999999995
JG-5310,44,5,158.72400000000002
JG-5805,134,3,-112.44
JH-15430,6,31,1477.1982
JH-15820,14,31,4829.6727
JH-15910,42,32,1635.3962
JH-15985,12,38,-182.93180000000004
JH-16180,51,31,2588.2794
JH-5430,8,9,113.496
JH-5820,43,7,566.151
JH-5910,41,8,-930.336
JH-5985,112,7,569.61
JH-6180,55,9,1406.385
JJ-15445,34,19,1054.3552
JJ-15760,3,28,1755.59028
JJ-5445,20,6,-31.656000000000006
JJ-5760,181,6,93.396
JK-15205,62,24,2359.5622
JK-15325,61,28,2059.35902
JK-15370,2,27,1813.49584
JK-15625,2,27,2805.6486
JK-15640,1,26,2651.1058
JK-15730,49,34,2283.7603
JK-16090,9,33,3195.37134
JK-16120,23,26,1594.49924
JK-5205,549,5,404.22
JK-5325,461,3,-36.97200000000001
JK-5370,115,6,-263.44800000000004
JK-5625,317,8,1170.693
JK-5640,55,4,103.17
JK-5730,489,6,2089.7400000000002
JK-6090,13,5,-1397.124
JK-6120,141,6,299.7
JL-15130,9,28,967.8775400000001
JL-15175,7,27,1268.03116
JL-15235,14,24,4370.94704
JL-15505,21,22,644.2673
JL-15835,37,30,1576.537
JL-15850,45,22,988.2485999999999
JL-5130,198,12,72.30000000000004
JL-5175,125,5,433.14
JL-5235,2,4,359.7420000000001
JL-5505,342,3,542.01
JL-5835,174,7,816.4649999999999
JL-5850,698,4,-634.002
JM-15250,36,24,2152.6733200000003
JM-15265,22,29,2623.992
JM-15535,15,20,1460.2395
JM-15580,1,24,1540.2094000000002
JM-15655,9,34,1190.07406
JM-15865,69,29,2234.2469
JM-16195,26,25,1314.3129999999999
JM-5250,7,5,-488.01899999999995
JM-5265,258,4,156.102
JM-5535,59,5,-101.31299999999999
JM-5580,21,5,176.523
JM-5655,123,8,608.46
JM-5865,71,6,83.868
JM-6195,13,8,205.482
JO-15145,65,23,2280.9515
JO-15280,15,21,1203.0993
JO-15550,72,19,541.2968999999999
JO-5145,6,6,764.3040000000001
JO-5280,20,4,702.69
JO-5550,13,9,41.45999999999998
JP-15460,22,26,1639.9413200000001
JP-15520,9,26,2854.74616
JP-16135,44,34,2036.0102
JP-5460,189,10,439.488
JP-5520,84,4,315.41400000000004
JP-6135,163,8,1443.0300000000002
JR-15670,13,20,-1185.9909
JR-15700,8,18,815.8547599999999
JR-16210,19,21,1221.9460000000001
JR-5670,129,6,425.574
JR-5700,14,6,116.67299999999999
JR-6210,38,6,84.81
JS-15595,6,18,562.5655
JS-15685,41,26,1848.0463
JS-15880,12,20,1471.0499
JS-15940,6,15,-26.756599999999978
JS-16030,73,32,-675.4485199999999
JS-5595,680,6,-723.759
JS-5685,54,5,502.44
JS-5880,182,6,-979.6529999999999
JS-5940,135,13,38.72999999999998
JS-6030,219,4,572.448
JW-15220,13,34,4115.1517
JW-15955,6,30,624.7968000000001
JW-16075,2,25,2677.4957
JW-5220,101,6,2150.694
JW-5955,107,2,32.309999999999995
JW-6075,119,4,272.52
KA-16525,17,35,1299.91352
KA-6525,94,7,101.484
KB-16240,5,27,1801.5406
KB-16315,3,29,1420.08758
KB-16405,20,28,723.9985
KB-16585,91,27,1398.2126
KB-16600,2,25,887.3471
KB-6240,202,7,517.53
KB-6315,111,11,365.775
KB-6405,476,3,-105.762
KB-6585,372,2,-47.19
KB-6600,10,11,158.898
KC-16255,23,27,2139.712
KC-16540,42,25,2343.88016
KC-16675,3,23,2265.91074
KC-6255,265,8,-160.212
KC-6540,34,7,14.223000000000006
KC-6675,20,3,-120.948
KD-16270,37,29,3914.2347000000004
KD-16345,42,15,2363.1306
KD-16495,47,36,5152.9625
KD-16615,76,24,1720.54552
KD-6270,782,1,-1023.54
KD-6345,76,6,65.7
KD-6495,399,4,333.21
KD-6615,187,3,30.18
KE-16420,48,31,1186.15542
KE-6420,252,4,100.39200000000001
KF-16285,23,21,2976.3911000000003
KF-6285,33,9,-591.198
KH-16330,17,26,3205.8576
KH-16360,2,28,1542.2225
KH-16510,37,26,1713.8032
KH-16630,9,27,1205.66716
KH-16690,3,39,2367.4902
KH-6330,20,13,405.168
KH-6360,101,7,300.16499999999996
KH-6510,16,7,483.03000000000003
KH-6630,152,5,300.30600000000004
KH-6690,180,7,3.083999999999974
KL-16555,16,26,580.9184
KL-16645,48,28,812.6145
KL-6555,116,7,157.83
KL-6645,1,5,-657.714
KM-16225,1,18,227.23930000000004
KM-16375,3,28,1194.45484
KM-16660,16,29,888.3436999999999
KM-16720,108,23,1637.1665
KM-6225,372,3,142.293
KM-6375,91,5,256.629
KM-6660,113,3,-40.446
KM-6720,350,3,1122.024
KN-16390,20,29,4067.82254
KN-16450,38,26,2512.5944
KN-16705,26,19,935.5005
KN-6390,331,3,77.37
KN-6450,94,8,-255.378
KN-6705,124,5,763.008
KS-16300,36,21,1079.99218
KS-6300,107,4,33.69
KT-16465,44,32,589.5894
KT-16480,101,20,-156.15920000000003
KT-6465,106,7,398.00399999999996
KT-6480,144,7,-461.76
KW-16435,42,23,3026.0406000000003
KW-16570,53,34,2191.5663
KW-6435,26,4,80.97
KW-6570,49,6,179.57999999999998
LA-16780,14,34,3754.0198
LA-6780,2,12,208.29
LB-16735,10,29,1566.24192
LB-16795,40,31,4515.38322
LB-6735,138,7,98.24999999999999
LB-6795,104,8,-212.14499999999998
LC-16870,99,21,1048.34726
LC-16885,17,29,1325.4753
LC-16930,21,26,1932.34496
LC-16960,3,22,1365.9817
LC-17050,5,23,1150.04782
LC-17140,14,30,1454.40696
LC-6870,105,8,128.421
LC-6885,30,9,-152.964
LC-6930,53,9,341.079
LC-6960,192,8,54.73199999999997
LC-7050,7,7,1697.5620000000001
LC-7140,17,6,470.88
LD-16855,43,30,1813.19268
LD-17005,21,27,1252.64204
LD-6855,22,8,-326.454
LD-7005,44,6,-87.20399999999998
LE-16810,15,24,1737.1186
LE-6810,64,6,287.91
LF-17185,21,22,-3700.1955
LF-7185,178,5,55.848
LH-16750,13,22,597.0119000000001
LH-16900,81,29,995.39798
LH-17020,42,18,1040.3469
LH-17155,76,29,749.0709999999999
LH-6750,126,5,44.190000000000005
LH-6900,307,3,1.9919999999999618
LH-7020,296,3,297.732
LH-7155,128,8,770.4599999999999
LL-16840,93,26,264.59785999999997
LL-6840,36,9,630.342
LM-17065,105,18,393.47099999999995
LM-7065,8,4,1474.6799999999998
LO-17170,3,28,2319.7048
LO-7170,5,7,-530.9849999999999
LP-17080,27,24,-261.93519999999995
LP-17095,10,26,2003.3279999999997
LP-7080,185,7,-3.641999999999996
LP-7095,1,4,119.37
LR-16915,133,26,3604.46196
LR-17035,46,26,2165.6983
LR-6915,685,3,-232.74599999999998
LR-7035,24,9,283.44
LS-16945,83,20,-86.50593999999995
LS-16975,33,22,1737.8784
LS-17200,16,24,1756.44222
LS-17230,5,24,1946.6966799999998
LS-17245,35,24,1878.1804
LS-6945,7,12,18.654000000000032
LS-6975,208,5,40.194
LS-7200,384,4,-102.474
LS-7230,100,10,-569.292
LS-7245,218,6,-380.04900000000004
LT-16765,7,30,3948.66294
LT-17110,35,26,1382.28416
LT-6765,9,4,264.99
LT-7110,78,6,1764.144
LW-16825,53,20,982.01094
LW-16990,34,23,1335.3454000000002
LW-17125,42,16,518.0502
LW-17215,28,24,994.55854
LW-6825,33,11,166.79399999999998
LW-6990,15,11,151.581
LW-7125,26,9,881.991
LW-7215,133,5,-145.176
MA-17560,65,24,784.07748
MA-17995,43,22,889.31854
MA-7560,233,4,-264.17400000000004
MA-7995,17,11,213.35699999999997
MB-17305,2,27,3481.4083200000005
MB-18085,45,30,2236.30558
MB-7305,111,8,1140.939
MB-8085,12,8,359.658
MC-17275,45,34,1463.0789
MC-17425,66,30,3980.55748
MC-17575,32,33,966.02936
MC-17590,26,25,1337.60878
MC-17605,21,26,1296.2884999999999
MC-17635,6,34,3529.4932
MC-17845,2,31,1064.30742
MC-18100,27,33,130.70980000000003
MC-18130,28,23,717.1614999999999
MC-7275,88,5,650.403
MC-7425,36,5,-1129.299
MC-7575,10,8,783.318
MC-7590,337,3,569.58
MC-7605,196,2,70.68
MC-7635,547,4,113.79599999999999
MC-7845,35,4,148.698
MC-8100,105,3,205.44
MC-8130,288,5,79.47000000000001
MD-17350,26,30,1040.95532
MD-17860,37,28,1596.30844
MD-7350,83,6,189.678
MD-7860,104,5,2176.092
ME-17320,6,30,3359.6504999999997
ME-17725,61,28,323.4762
ME-18010,43,27,639.3183200000001
ME-7320,50,10,58.908
ME-7725,12,11,349.785
ME-8010,629,1,15.9
MF-17665,56,29,1417.4658399999998
MF-18250,8,32,2272.4104
MF-7665,49,3,3.42
MF-8250,63,6,300.93
MG-17650,20,21,2178.17168
MG-17680,37,28,892.4347
MG-17695,1,25,760.9115999999999
MG-17875,6,33,-133.48077999999992
MG-17890,6,29,-977.2979
MG-18145,3,24,4668.1622
MG-18205,3,29,1540.2313
MG-7650,496,1,27.15
MG-7680,52,9,-151.24199999999996
MG-7695,336,7,84.786
MG-7875,404,1,15.87
MG-7890,374,1,-22.482
MG-8145,282,3,1790.5140000000001
MG-8205,2,7,282.204
MH-17290,29,25,1950.61286
MH-17440,9,25,771.4384
MH-17455,140,27,155.89602000000002
MH-17620,84,20,106.88498000000001
MH-17785,1,26,1185.0254400000001
MH-18025,21,19,1010.9377
MH-18115,6,26,1250.6666
MH-7290,738,3,365.40000000000003
MH-7440,97,8,780.5699999999999
MH-7455,93,10,371.15099999999995
MH-7620,246,7,168.006
MH-7785,8,9,285.50399999999996
MH-8025,15,9,-149.754
MH-8115,115,7,237.522
MJ-17740,29,26,2054.6619
MJ-7740,160,4,382.968
MK-17905,64,31,-139.19500000000002
MK-18160,34,20,317.56059999999997
MK-7905,220,11,-71.44499999999998
MK-8160,41,10,441.036
ML-17395,1,25,1141.97268
ML-17410,21,30,1338.5888
ML-17755,2,28,1577.4216000000001
ML-18040,8,19,1646.9332
ML-18265,101,26,2037.58396
ML-7395,133,7,142.26000000000002
ML-7410,170,3,-184.446
ML-7755,86,7,260.34
ML-8040,45,7,315.906
ML-8265,9,9,276.78000000000003
MM-17260,5,26,3160.30712
MM-17920,8,33,1824.2190000000003
MM-18055,16,25,1901.2817
MM-18280,13,25,1877.0716
MM-7260,90,5,1220.4180000000001
MM-7920,113,6,234.69
MM-8055,34,8,-638.499
MM-8280,54,10,289.39500000000004
MN-17935,9,21,1517.15082
MN-7935,108,6,-124.97999999999999
MO-17500,37,24,573.4589
MO-17800,7,25,2638.8095
MO-17950,7,14,34.126599999999996
MO-7500,282,5,-54.44999999999999
MO-7800,15,9,465.276
MO-7950,99,3,252.132
MP-17470,6,28,2231.3581
MP-17965,28,39,1455.212
MP-18175,17,36,455.29570000000007
MP-7470,573,2,-58.38
MP-7965,197,8,177.483
MP-8175,169,6,77.304
MR-17545,59,23,3060.9206
MR-7545,101,6,650.3100000000001
MS-17365,6,34,3300.3221999999996
MS-17530,16,25,2150.45316
MS-17710,34,26,1057.94306
MS-17770,21,36,2685.67544
MS-17830,64,26,1765.3905
MS-17980,26,27,834.6122
MS-7365,53,5,229.01999999999998
MS-7530,82,8,-163.074
MS-7710,64,8,94.8
MS-7770,99,6,166.11
MS-7830,5,8,294.89400000000006
MS-7980,7,5,412.73400000000004
MT-17815,21,27,1294.9966
MT-18070,56,24,1203.5738
MT-7815,117,6,-501.582
MT-8070,60,7,-2991.618
MV-17485,17,27,1650.8831
MV-18190,20,30,1178.6598
MV-7485,471,5,159.756
MV-8190,8,8,181.37999999999994
MW-18220,18,28,3596.3133000000003
MW-18235,17,24,-180.23909999999998
MW-8220,45,8,490.22700000000003
MW-8235,1,6,325.752
MY-17380,37,28,2926.3333000000002
MY-18295,1,29,2553.67708
MY-7380,30,4,633.174
MY-8295,44,10,88.97699999999995
MZ-17335,27,26,1794.5974
MZ-17515,44,25,1454.62114
MZ-7335,60,5,459.906
MZ-7515,79,9,428.42099999999994
NB-18580,461,10,-105.25480000000002
NB-18655,20,22,1537.0685
NB-8580,429,7,-586.173
NB-8655,23,5,-83.66399999999999
NC-18340,6,22,-996.2393800000001
NC-18415,40,19,-771.6432000000002
NC-18535,7,22,1414.977
NC-18625,50,29,2229.91458
NC-8340,36,9,535.362
NC-8415,107,5,46.65600000000002
NC-8535,139,7,-79.599
NC-8625,462,2,33.0
ND-18370,13,23,1970.2773200000001
ND-18460,6,22,2197.42352
ND-8370,34,6,650.004
ND-8460,9,10,971.4300000000001
NF-18385,8,32,1362.2721000000001
NF-18475,7,22,2633.7607000000003
NF-18595,12,22,1438.95262
NF-8385,2,11,180.54899999999998
NF-8475,44,7,286.296
NF-8595,451,5,-67.40400000000002
NG-18355,23,21,1826.7028599999999
NG-18430,48,28,3320.69584
NG-8355,104,7,979.74
NG-8430,19,8,890.529
NH-18610,23,22,3867.6129
NH-8610,6,6,207.85199999999998
NK-18490,71,24,2309.4927
NK-8490,148,4,731.04
NL-18310,62,25,-593.2810999999999
NL-8310,635,2,26.352000000000004
NM-18445,59,32,5095.1568
NM-18520,20,27,2631.0495
NM-8445,34,9,693.96
NM-8520,159,1,511.65
NP-18325,2,25,1772.79
NP-18670,63,19,2741.60246
NP-18685,15,30,308.26689999999996
NP-18700,26,27,609.6892
NP-8325,16,8,31.53599999999998
NP-8670,227,6,294.06
NP-8685,145,4,1250.76
NP-8700,38,6,-234.13799999999998
NR-18550,3,26,1206.92478
NR-8550,15,8,463.041
NS-18505,7,25,479.10274
NS-18640,37,37,1116.0526000000002
NS-8505,14,5,-1166.547
NS-8640,28,8,-297.333
NW-18400,25,26,2085.49206
NW-8400,115,7,1736.046
NZ-18565,110,26,2257.84172
NZ-8565,100,4,-166.566
ON-18715,48,33,3779.16924
ON-8715,460,5,-995.862
OT-18730,34,32,1797.76136
OT-8730,302,4,33.24
PA-19060,51,21,647.89356
PA-9060,178,6,907.461
PB-18805,9,19,1479.57744
PB-19105,100,16,1615.6467
PB-19150,6,33,460.19616
PB-19210,9,27,2313.681
PB-8805,326,9,263.502
PB-9105,1,4,320.538
PB-9150,42,10,811.6529999999999
PB-9210,308,7,-909.723
PC-18745,3,21,-904.33256
PC-19000,29,18,519.6208999999999
PC-8745,265,5,484.22999999999996
PC-9000,544,4,313.71
PF-19120,94,28,623.4013600000001
PF-19165,30,36,1486.3466
PF-19225,3,30,1613.6235
PF-9120,113,10,439.89
PF-9165,35,7,422.532
PF-9225,15,7,-672.768
PG-18820,21,35,1626.9189000000001
PG-18895,3,28,1270.0985
PG-8820,30,6,348.27
PG-8895,182,6,350.082
PH-18790,71,19,2390.0760999999998
PH-8790,145,8,353.54999999999995
PJ-18835,40,19,4889.2675
PJ-19015,20,22,1212.8130600000002
PJ-8835,43,6,-870.1350000000001
PJ-9015,197,8,889.6799999999997
PK-18910,99,16,319.16456000000005
PK-19075,9,29,2170.2641
PK-8910,232,4,-627.654
PK-9075,495,3,-505.686
PL-18925,16,20,1782.9749
PL-8925,21,3,223.53
PM-18940,42,23,926.3292
PM-19135,13,22,648.8516
PM-8940,204,9,252.066
PM-9135,243,6,369.786
PN-18775,16,33,1729.75282
PN-8775,143,5,475.71
PO-18850,5,41,3249.2776999999996
PO-18865,1,35,4698.6391
PO-19180,161,24,2556.7416
PO-19195,182,21,-1667.6880199999998
PO-8850,128,4,529.086
PO-8865,353,6,-80.52000000000002
PO-9180,323,9,-380.952
PO-9195,34,8,641.586
PP-18955,64,30,2902.3920000000003
PP-8955,15,3,-214.65900000000002
PR-18880,37,29,1362.8254200000001
PR-8880,197,5,-953.7
PS-18760,36,28,1485.3094
PS-18970,33,33,2205.4257199999997
PS-19045,35,26,4426.1951
PS-8760,348,5,-192.19799999999998
PS-8970,125,4,-371.23199999999997
PS-9045,62,7,-87.38399999999999
PT-19090,7,25,216.67019999999997
PT-9090,3,5,393.03
PV-18985,9,28,2531.1434
PV-8985,26,6,1524.426
PW-19030,8,31,2322.39936
PW-19240,2,24,1837.4188000000001
PW-9030,58,7,-377.59799999999996
PW-9240,62,7,104.88
QJ-19255,56,23,2407.6019
QJ-9255,62,5,-164.409
RA-19285,6,24,4132.8992
RA-19885,44,23,3419.96068
RA-19915,13,27,2078.75772
RA-19945,2,23,678.9608000000001
RA-9285,255,14,-1519.8239999999998
RA-9885,89,8,-99.492
RA-9915,140,2,85.44
RA-9945,50,9,217.76700000000002
RB-19330,16,32,3737.58642
RB-19360,50,25,8523.951500000001
RB-19435,20,28,605.4394199999999
RB-19465,1,36,2769.65
RB-19570,37,25,1646.1128999999999
RB-19645,151,22,754.2794
RB-19705,17,16,2069.0791
RB-19795,33,35,2323.66214
RB-9330,84,8,413.76599999999996
RB-9360,94,4,-70.902
RB-9435,217,6,-1731.096
RB-9465,288,3,1296.81
RB-9570,417,5,-150.189
RB-9645,210,3,-114.156
RB-9705,248,12,810.462
RB-9795,116,5,26.868000000000002
RC-19825,241,25,737.7457
RC-19960,23,22,1758.0904
RC-9825,742,1,0.0
RC-9960,84,5,365.92499999999995
RD-19480,1,27,3316.9349
RD-19585,24,31,2450.5697
RD-19660,60,21,3171.6951
RD-19720,48,30,1897.1189
RD-19810,15,30,1417.27646
RD-19900,33,29,2475.0832
RD-19930,43,22,683.3937199999999
RD-9480,48,6,270.51
RD-9585,23,7,1469.4
RD-9660,205,9,794.178
RD-9720,71,8,1139.892
RD-9810,143,7,522.618
RD-9900,93,10,855.591
RD-9930,104,11,546.9720000000001
RE-19405,21,21,2356.00718
RE-19450,142,18,1501.18864
RE-9405,72,6,287.673
RE-9450,16,12,890.223
RF-19345,65,27,2277.379
RF-19735,2,23,824.7584999999999
RF-19840,7,31,3052.16978
RF-9345,7,5,816.576
RF-9735,240,3,298.77000000000004
RF-9840,139,6,-210.438
RH-19495,31,28,1457.3802999999998
RH-19510,50,25,1800.99646
RH-19555,8,21,293.0047
RH-19600,7,21,329.75166
RH-9495,97,3,393.51
RH-9510,701,7,-136.332
RH-9555,204,8,1709.799
RH-9600,55,8,892.62
RK-19300,128,26,-1673.56942
RK-9300,65,4,117.78
RL-19615,125,23,2337.14288
RL-9615,89,8,366.846
RM-19375,19,25,1331.50702
RM-19675,5,19,2810.5083
RM-19750,17,19,1314.87876
RM-9375,10,7,523.896
RM-9675,24,8,-268.266
RM-9750,24,7,-64.545
RO-19780,36,29,710.6858999999998
RO-9780,5,9,158.19600000000005
RP-19270,8,26,1507.9101
RP-19390,16,34,-452.0761999999999
RP-19855,33,27,428.40520000000004
RP-9270,287,6,394.812
RP-9390,242,7,1520.46
RP-9855,401,6,-289.55100000000004
RR-19315,20,21,2304.38338
RR-19525,1,27,-99.16280000000008
RR-9315,233,4,534.6
RR-9525,188,7,51.18000000000001
RS-19420,77,28,1771.03088
RS-19765,37,25,3046.3163799999998
RS-19870,20,20,1222.85258
RS-9420,26,7,52.62
RS-9765,124,6,425.85
RS-9870,50,8,240.576
RW-19540,43,25,3925.0248
RW-19630,58,26,1999.6208000000001
RW-19690,16,25,2312.2563
RW-9540,101,7,1252.404
RW-9630,400,2,252.60000000000002
RW-9690,53,8,-175.25399999999996
SA-10830,11,10,-56.544
SA-20830,64,30,1411.24676
SB-10170,114,5,24.060000000000016
SB-10185,79,7,223.296
SB-10290,87,5,-120.666
SB-20170,3,15,2342.8998
SB-20185,61,31,1445.3581199999999
SB-20290,42,22,-1776.3133
SC-10020,58,4,-115.50599999999999
SC-10050,43,7,358.85400000000004
SC-10095,226,7,99.16199999999999
SC-10230,195,3,286.31699999999995
SC-10260,24,7,-42.88200000000005
SC-10305,17,7,-213.14999999999998
SC-10380,276,4,410.13
SC-10440,93,4,-533.4390000000001
SC-10575,374,2,41.64
SC-10680,190,4,543.3600000000001
SC-10695,86,4,-350.481
SC-10725,139,7,191.21400000000003
SC-10770,185,7,-127.66199999999999
SC-10800,214,2,-77.844
SC-10845,143,4,261.66
SC-20020,9,34,1231.5156
SC-20050,28,30,-340.42868
SC-20095,76,28,8106.2179
SC-20230,17,25,2785.051
SC-20260,1,26,1265.5528
SC-20305,56,26,675.4286999999999
SC-20380,59,37,1282.24974
SC-20440,10,25,890.4583600000001
SC-20575,29,33,896.3616
SC-20680,36,31,1165.43308
SC-20695,10,35,2516.1646
SC-20725,8,30,1874.82538
SC-20770,41,32,445.74968
SC-20800,26,24,1354.1978000000001
SC-20845,9,24,1435.03872
SD-10485,41,8,216.303
SD-20485,16,32,3430.9181
SE-10110,79,3,152.16
SE-20110,10,36,5863.62392
SF-10065,230,8,792.009
SF-10200,24,8,-1384.404
SF-10965,56,6,656.352
SF-20065,63,21,1073.6423
SF-20200,6,28,2214.168
SF-20965,24,17,1238.8310000000001
SG-10080,370,6,331.908
SG-10470,129,3,867.66
SG-10605,27,6,211.497
SG-10890,401,6,301.00800000000004
SG-20080,4,17,2551.8004
SG-20470,59,28,1471.3288
SG-20605,76,32,1329.60556
SG-20890,17,22,240.30055999999988
SH-10395,64,4,-52.83
SH-10635,159,4,129.87
SH-19975,65,29,987.2244400000001
SH-20395,40,33,1112.06294
SH-20635,33,25,1848.3096
SH-9975,65,8,808.137
SJ-10125,29,9,364.629
SJ-10215,54,9,179.05200000000002
SJ-10500,362,3,34.577999999999996
SJ-20125,24,30,1463.3749
SJ-20215,83,32,2332.80898
SJ-20500,116,26,1547.2313
SK-19990,9,19,2320.05582
SK-9990,353,7,655.458
SL-10155,167,14,655.74
SL-20155,35,32,1244.1905000000002
SM-10005,105,8,1177.8899999999999
SM-10320,77,7,673.968
SM-10905,133,5,247.78200000000004
SM-10950,105,9,161.418
SM-20005,207,22,350.47079999999994
SM-20320,74,21,-1083.67434
SM-20905,38,17,1280.4929
SM-20950,34,29,1009.44034
SN-10560,14,6,-110.856
SN-10710,253,4,89.4
SN-20560,53,25,-2527.1245000000004
SN-20710,45,24,2295.45126
SO-10335,401,4,17.417999999999992
SO-20335,65,27,2389.6256200000003
SP-10545,19,4,51.09
SP-10620,140,5,-225.01200000000003
SP-10650,170,6,-56.474999999999994
SP-10860,399,2,62.136
SP-10920,108,4,-165.219
SP-20545,17,20,698.1370000000001
SP-20620,6,31,242.05349999999987
SP-20650,25,24,1739.28064
SP-20860,80,26,1688.5450600000001
SP-20920,7,28,6649.62626
SR-10425,45,5,-6.462000000000003
SR-10740,81,4,291.27
SR-20425,9,19,-2544.72646
SR-20740,63,33,4096.0884
SS-10140,269,7,905.388
SS-10410,132,10,318.63
SS-10515,675,3,130.38
SS-10590,295,3,354.18
SS-10875,251,4,-707.826
SS-20140,16,32,-1517.7162600000001
SS-20410,23,27,-187.11881999999997
SS-20515,1,19,285.96611999999993
SS-20590,6,26,2015.9464999999998
SS-20875,15,21,147.84879999999998
ST-10530,56,6,159.54
ST-20530,7,32,2074.5629599999997
SU-10665,49,6,564.684
SU-20665,5,23,-54.432100000000105
SV-10365,359,5,258.252
SV-10785,76,7,260.85
SV-10815,9,9,-537.1379999999999
SV-10935,12,3,-331.694
SV-20365,102,31,1964.50168
SV-20785,111,27,1921.9373
SV-20815,29,24,1515.8113799999999
SV-20935,1,28,1000.1729
SW-10245,111,4,325.59
SW-10275,21,5,159.258
SW-10350,101,9,-4.896000000000008
SW-10455,8,9,399.372
SW-10755,44,7,499.026
SW-20245,13,26,1622.76962
SW-20275,32,33,884.9292
SW-20350,13,21,1036.44374
SW-20455,8,22,764.197
SW-20755,16,31,2295.7056
SZ-10035,957,4,130.62
SZ-20035,14,37,2785.2273
TA-11385,9,5,36.99000000000022
TA-21385,19,25,6274.9891
TB-11055,91,3,533.058
TB-11175,217,4,175.356
TB-11190,145,4,179.49
TB-11250,2,15,656.0160000000001
TB-11280,157,9,193.032
TB-11355,15,8,-321.978
TB-11400,53,9,724.5930000000001
TB-11520,19,11,455.451
TB-11595,90,4,219.63
TB-11625,399,5,-366.858
TB-21055,36,29,1026.21102
TB-21175,21,27,2111.0459
TB-21190,21,17,1872.82132
TB-21250,3,28,2409.6902
TB-21280,72,26,1054.42936
TB-21355,83,20,1093.992
TB-21400,26,26,3471.7569
TB-21520,84,34,-198.08938000000003
TB-21595,21,26,1219.0209
TB-21625,21,31,1867.5211
TC-10980,48,8,-114.57599999999996
TC-11145,13,10,1228.806
TC-11295,13,5,233.928
TC-11475,87,9,219.864
TC-11535,371,4,-1355.658
TC-20980,54,28,8787.474900000001
TC-21145,12,25,2131.00626
TC-21295,24,29,1263.5488
TC-21475,2,29,1181.26456
TC-21535,1,30,1738.6551
TD-10995,243,3,-769.812
TD-20995,1,25,-178.31079999999994
TG-11310,150,3,243.537
TG-11640,41,9,1106.253
TG-21310,15,32,2742.92
TG-21640,6,33,1989.9868
TH-11100,254,4,364.71
TH-11115,91,6,490.35
TH-11235,231,10,549.5670000000001
TH-11550,463,5,-24.209999999999994
TH-21100,7,27,1587.7861
TH-21115,44,25,1775.33778
TH-21235,9,26,1106.72
TH-21550,6,26,-709.5375000000001
TM-11010,302,3,-270.504
TM-11490,103,8,-877.548
TM-21010,65,27,2198.6379
TM-21490,27,27,2378.5193
TN-11040,174,2,26.310000000000002
TN-21040,27,29,-732.49216
TP-11130,140,6,109.479
TP-11415,642,4,467.148
TP-11565,104,5,145.17000000000002
TP-21130,3,37,1964.4073799999999
TP-21415,49,22,-120.96077999999993
TP-21565,15,30,1650.49
TR-11325,169,4,669.876
TR-21325,2,22,1767.02946
TS-11085,88,8,249.12
TS-11160,106,5,194.67
TS-11205,308,3,-0.8939999999999975
TS-11340,41,5,225.84599999999998
TS-11370,19,10,992.8140000000001
TS-11430,267,7,1811.97
TS-11505,288,4,-157.49400000000009
TS-11610,116,5,105.42
TS-11655,26,6,73.17
TS-21085,21,19,860.4408
TS-21160,9,22,939.3524
TS-21205,64,32,2350.44262
TS-21340,9,31,2377.11858
TS-21370,25,27,4101.1514
TS-21430,20,22,553.0183
TS-21505,12,27,2306.8402
TS-21610,50,30,1614.1479000000002
TS-21655,92,24,952.4495
TT-11070,38,2,621.96
TT-11220,6,9,472.38000000000005
TT-11265,53,9,1269.7920000000001
TT-11460,43,8,-160.14600000000002
TT-21070,15,31,1698.3986
TT-21220,29,22,1188.82726
TT-21265,2,20,15.044199999999947
TT-21460,13,32,2390.93536
TW-11025,20,8,-137.871
TW-21025,42,27,3412.9511
TZ-11445,369,7,250.76999999999998
TZ-11580,49,5,-275.076
TZ-21445,9,28,116.72139999999997
TZ-21580,36,19,194.96049999999994
VB-11745,5,4,190.82999999999998
VB-21745,13,21,717.7338000000001
VD-11670,1,9,-211.749
VD-21670,37,21,2243.6648
VF-11715,95,4,4.721999999999998
VF-21715,14,24,21.390999999999966
VG-11790,161,4,47.442
VG-11805,136,4,140.31
VG-21790,23,27,-411.86670000000004
VG-21805,3,23,3906.5961600000005
VM-11685,14,6,-94.96200000000002
VM-11835,9,3,338.07
VM-21685,33,32,-1550.83678
VM-21835,53,20,318.84430000000003
VP-11730,163,4,-508.41
VP-11760,118,3,374.712
VP-21730,41,29,2741.2058
VP-21760,76,28,2016.1507
VS-11820,111,7,126.53400000000002
VS-21820,88,15,1460.0846999999999
VT-11700,126,7,178.572
VT-21700,8,25,912.2112000000001
VW-11775,8,5,252.486
VW-21775,7,30,41.894899999999936
WB-11850,145,2,-146.59799999999998
WB-21850,21,38,2694.5003
XP-11865,161,3,65.148
XP-21865,44,27,1239.5746000000001
YC-11895,100,4,22.269000000000002
YC-21895,5,27,4324.9076000000005
YS-11880,5,6,358.812
YS-21880,10,26,3091.5943
ZC-11910,201,1,-15.567
ZC-21910,4,37,452.5032599999998
ZD-11925,4,9,478.416
ZD-21925,2,20,-276.6789
